Year,Actual Medals,Predicted Medals RF,Predicted Medals KNN
1992,18,19.976345525543792,18.333333333333332
1996,22,20.44311230670847,18.333333333333332
2000,14,20.28108498681669,18.333333333333332
2004,12,18.7725983815805,24.333333333333332
2008,20,27.24144180871509,38.0
2012,18,24.74489895604341,28.333333333333332
2016,22,31.965441617598632,33.666666666666664
