Train R2,Test R2,RMSE
0.9426741622298673,0.9153544300977376,5.816093847015577
