Train R2,Test R2,RMSE
0.8189081161000893,0.8634563500130629,7.201436468147601
