Train R2,Test R2,RMSE
0.914983763161068,0.871364351682574,6.231541855901262
